{"SUMMARY":{"ATTRIBUTE_NAME":["Source name","Number of persons"],"ATTRIBUTE_VALUE":["","5284"]},"GENDER_DATA":{"CONCEPT_ID":[8507,8532],"CONCEPT_NAME":["MALE","FEMALE"],"COUNT_VALUE":[1800,3484]},"AGE_AT_FIRST_OBSERVATION_HISTOGRAM":{"MIN":0,"MAX":100,"INTERVAL_SIZE":1,"INTERVALS":100,"DATA":{"INTERVAL_INDEX":[0,2,3,4,5,6,7,8,9,10,11,12,13,14,15,16,17,18,19,20,21,22,23,24,25,26,27,28,29,30,31,32,33,34,35,36,37,38,39,40,41,42,43,44,45,46,47,48,49,50,51,52,53,54,55,56],"COUNT_VALUE":[4,3,302,31,44,41,36,56,46,49,44,44,48,31,46,50,32,36,65,50,41,53,42,53,50,52,173,206,163,190,154,179,156,166,168,160,204,168,178,176,177,183,175,174,161,174,41,51,50,51,37,41,30,52,54,40],"PERCENT_VALUE":[0.00076,0.00057,0.05715,0.00587,0.00833,0.00776,0.00681,0.0106,0.00871,0.00927,0.00833,0.00833,0.00908,0.00587,0.00871,0.00946,0.00606,0.00681,0.0123,0.00946,0.00776,0.01003,0.00795,0.01003,0.00946,0.00984,0.03274,0.03899,0.03085,0.03596,0.02914,0.03388,0.02952,0.03142,0.03179,0.03028,0.03861,0.03179,0.03369,0.03331,0.0335,0.03463,0.03312,0.03293,0.03047,0.03293,0.00776,0.00965,0.00946,0.00965,0.007,0.00776,0.00568,0.00984,0.01022,0.00757]}},"CUMULATIVE_DURATION":{"SERIES_NAME":["Length of observation","Length of observation","Length of observation","Length of observation","Length of observation","Length of observation","Length of observation","Length of observation","Length of observation","Length of observation"],"X_LENGTH_OF_OBSERVATION":[0,30,60,90,120,150,180,210,240,270],"Y_PERCENT_PERSONS":[0.99716,0.73505,0.46991,0.17827,0.03444,0.0106,0.00568,0.00284,0.00114,0.00057]},"OBSERVED_BY_MONTH":{"MONTH_YEAR":[200410,200501,200502,200503,200505,200508,200509,200510,200511,200512,200601,200602,200603,200604,200605,200606,200610,200908,201012],"COUNT_VALUE":[2,3,5,6,7,8,10,14,19,31,57,229,954,2872,2132,16,8,3,4],"PERCENT_VALUE":[0.00038,0.00057,0.00095,0.00114,0.00132,0.00151,0.00189,0.00265,0.0036,0.00587,0.01079,0.04334,0.18055,0.54353,0.40348,0.00303,0.00151,0.00057,0.00076]}}
