{"SUMMARY":{"ATTRIBUTE_NAME":["Source name","Number of persons"],"ATTRIBUTE_VALUE":["","5284"]},"GENDER_DATA":{"CONCEPT_ID":[8507,8532],"CONCEPT_NAME":["MALE","FEMALE"],"COUNT_VALUE":[1800,3484]},"RACE_DATA":{"CONCEPT_ID":38003600,"CONCEPT_NAME":"African","COUNT_VALUE":5284},"ETHNICITY_DATA":{"CONCEPT_ID":0,"CONCEPT_NAME":"No matching concept","COUNT_VALUE":5284},"BIRTH_YEAR_HISTOGRAM":{"MIN":1899,"MAX":2003,"INTERVAL_SIZE":1,"INTERVALS":104,"DATA":{"INTERVAL_INDEX":[0,51,52,53,54,55,56,57,58,59,60,61,62,63,64,65,66,67,68,69,70,71,72,73,74,75,76,77,78,79,80,81,82,83,84,85,86,87,88,89,90,91,92,93,94,95,96,97,98,99,100,101,102,103,104],"COUNT_VALUE":[2,40,55,52,29,41,37,51,50,51,41,174,167,169,175,182,180,180,173,167,204,161,166,168,155,179,159,185,163,207,171,54,50,52,41,53,42,49,67,35,32,51,45,32,49,44,43,49,47,55,36,42,43,31,305],"PERCENT_VALUE":[0.00038,0.00757,0.01041,0.00984,0.00549,0.00776,0.007,0.00965,0.00946,0.00965,0.00776,0.03293,0.0316,0.03198,0.03312,0.03444,0.03407,0.03407,0.03274,0.0316,0.03861,0.03047,0.03142,0.03179,0.02933,0.03388,0.03009,0.03501,0.03085,0.03917,0.03236,0.01022,0.00946,0.00984,0.00776,0.01003,0.00795,0.00927,0.01268,0.00662,0.00606,0.00965,0.00852,0.00606,0.00927,0.00833,0.00814,0.00927,0.00889,0.01041,0.00681,0.00795,0.00814,0.00587,0.05772]}}}
